"DATE","NUMBER","CUSTOMERS","KGS NETTO","PEMBELIAN"
"3-Jan-22","1/MMP-PE-TSJ/I/2022","TOHO BUSSAN KAISHA, LTD.","10,246.56","Debit"
"3-Jan-22","1/MMP-PE-TBK/I/2022(S)","TOHO BUSSAN KAISHA, LTD.","14.00","Debit"
"3-Jan-22","1/MMP-PE-MRH/I/2022","MARUHA NICHIRO CORPORATION","5,292.00","Debit"
"4-Jan-22","1/MMP-NCR/I/2022(S)","NICHIREI FRESH INC.","8.41","Debit"
"4-Jan-22","1/MMP-SQ-TW/I/2022","SEA QUEENLET/ORIENT","10,463.00","Cek"
"4-Jan-22","1/MMP-SQ-PE/I/2022","SEA QUEENLET/ORIENT","1,844.40","Debit"
"5-Jan-22","1/MMP-PDNCR/I/2022","NICHIREI FRESH INC.","15,000.00","Cek"
"5-Jan-22","1/MMP-NCR-PM/I/2022","NICHIREI FRESH INC.","2.48","Debit"
"5-Jan-22","1/MMP-PE-TYR/I/2022","TOYO REIZO CO., LTD","6,156.00","Cek"
"5-Jan-22","1/MMP-NPE/I/2022","TOHO BUSSAN KAISHA, LTD.","15,180.00","Cek"
"6-Jan-22","1/MMP-PE-OKY/I/2022","OKAYA AND CO., LTD","13,600.00","Cek"
"7-Jan-22","2/MMP-PDNCR/I/2022","NICHIREI FRESH INC.","15,000.00","Cek"
"10-Jan-22","1/MMP-SC-PE/I/2022","TOHO BUSSAN KAISHA, LTD.","8,753.64","Debit"
"11-Jan-22","1/MMP-NCR/I/2022","NICHIREI FRESH INC.","9,520.80","Debit"
"11-Jan-22","1/MMP-NCP/I/2022","NICHIREI FRESH INC.","7,620.00","Debit"
"11-Jan-22","1/MMP-PE-NCR/I/2022(S)","NICHIREI FRESH INC.","6.85","Debit"
"11-Jan-22","2/MMP-PE-OKY/I/2022","OKAYA AND CO., LTD","5,922.00","Debit"
"12-Jan-22","2/MMP-SC-PE/I/2022","TOHO BUSSAN KAISHA, LTD.","8,753.64","Debit"
"12-Jan-22","1/PMM-NCR-USA/I/2022","AN DERINGER, USA","13,295.36","Debit"
"15-Jan-22","3/MMP-SC-PE/I/2022","TOHO BUSSAN KAISHA, LTD.","8,382.36","Debit"
"18-Jan-22","3/MMP-PDNCR/I/2022","NICHIREI FRESH INC.","15,000.00","Cek"
"18-Jan-22","1/MMP-JCU-PD/I/2022","TOHO BUSSAN KAISHA, LTD.","1,170.00","Debit"
"18-Jan-22","1/MMP-JCU-PE/I/2022","TOHO BUSSAN KAISHA, LTD.","9,164.88","Debit"
"18-Jan-22","1/MMP-TBK/PM/I/2022","TOHO BUSSAN KAISHA, LTD.","189.40","Debit"
"19-Jan-22","1/MMP-NP-SM/I/2022","TOHO BUSSAN KAISHA, LTD.","7,712.00","Debit"
"19-Jan-22","1/MMP-KN/I/2022","TOHO BUSSAN KAISHA, LTD.","756.00","Debit"
"19-Jan-22","2/MMP-KN/I/2022","TOHO BUSSAN KAISHA, LTD.","2,112.00","Debit"
"19-Jan-22","2/MMP-PE-TSJ/I/2022","TOHO BUSSAN KAISHA, LTD.","7,929.60","Debit"
"19-Jan-22","1/MMP-FS/TBK/I/2022(S)","TOHO BUSSAN KAISHA, LTD.","7.00","Debit"
"22-Jan-22","1/MMP-PE-DNS/I/2022","TOHO BUSSAN KAISHA, LTD.","9,031.68","Debit"
"22-Jan-22","2/MMP-NCR/I/2022","NICHIREI FRESH INC.","2,180.80","Debit"
"22-Jan-22","2/MMP-NCP/I/2022","NICHIREI FRESH INC.","12,837.60","Debit"
"22-Jan-22","1/MMP-FS/-NCR/I/2022(S)","NICHIREI FRESH INC.","3.09","Debit"
"22-Jan-22","3/MMP-KN/I/2022","TOHO BUSSAN KAISHA, LTD.","10,281.60","Cek"
"25-Jan-22","2/MMP-JCU-PE/I/2022","TOHO BUSSAN KAISHA, LTD.","9,424.80","Cek"
"25-Jan-22","1/PMM-EFC/I/2022","EASTERN FISH COMPANY LLC","15,935.40","Cek"
"26-Jan-22","3/MMP-PE-TSJ/I/2022","TOHO BUSSAN KAISHA, LTD.","9,532.80","Cek"
"26-Jan-22","4/MMP-PDNCR/I/2022","NICHIREI FRESH INC.","15,080.00","Cek"
"26-Jan-22","3/MMP-NCR/I/2022","NICHIREI FRESH INC.","5,365.20","Debit"
"26-Jan-22","3/MMP-NCP/I/2022","NICHIREI FRESH INC.","10,155.60","Debit"
"27-Jan-22","1/MMP-JCCU/I/2022(S)","JAPANESE CONSUMERS CO-OPERATIVE","6.08","Debit"
"28-Jan-22","2/MMP-SQ-TW/I/2022","SEA QUEENLET/ORIENT","12,289.00","Cek"
"28-Jan-22","2/MMP-SQ-PE/I/2022","SEA QUEENLET/ORIENT","492.00","Debit"
"28-Jan-22","1/MMP-OKY-SS/I/2022","OKAYA AND CO., LTD","6,943.14","Debit"
"28-Jan-22","3/MMP-JCU-PE/I/2022","TOHO BUSSAN KAISHA, LTD.","8,829.12","Debit"
"28-Jan-22","2/MMP-JCU-PD/I/2022","TOHO BUSSAN KAISHA, LTD.","1,170.00","Debit"
"2-Feb-22","2/MMP-PE-TYR/II/2022","TOYO REIZO CO., LTD","3,492.72","Debit"
"2-Feb-22","2/MMP-PE-MRH/II/2022","MARUHA NICHIRO CORPORATION","5,292.00","Cek"
"2-Feb-22","5/MMP-PDNCR/II/2022","NICHIREI FRESH INC.","15,000.00","Cek"
"2-Feb-22","1/PMM-LWC/II/2022","LAWRENCE WHOLESALE LLC","15,254.40","Cek"
"3-Feb-22","3/MMP-PE-OKY/II/2022","OKAYA AND CO., LTD","16,048.00","Cek"
"3-Feb-22","4/MMP-PE-TSJ/II/2022","TOHO BUSSAN KAISHA, LTD.","8,971.20","Debit"
"3-Feb-22","1/MMP-PE-EF/II/2022","TOHO BUSSAN KAISHA, LTD.","1,000.00","Debit"
"3-Feb-22","2/MMP-PE-TBK/II/2022(S)","TOHO BUSSAN KAISHA, LTD.","0.99","Debit"
"3-Feb-22","2/MMP-TBK-PM/II/2022","TOHO BUSSAN KAISHA, LTD.","9.70","Debit"
"7-Feb-22","4/MMP-JCU-PE/II/2022","TOHO BUSSAN KAISHA, LTD.","9,090.00","Cek"
"7-Feb-22","3/MMP-TBK-PM/II/2022","TOHO BUSSAN KAISHA, LTD.","258.05","Debit"
"9-Feb-22","6/MMP-PDNCR/II/2022","NICHIREI FRESH INC.","15,070.00","Cek"
"9-Feb-22","4/MMP-NCR/II/2022","NICHIREI FRESH INC.","5,898.96","Cek"
"9-Feb-22","4/MMP-NCP/II/2022","NICHIREI FRESH INC.","8,546.10","Cek"
"9-Feb-22","3/MMP-SQ-PE/II/2022","SEA QUEENLET/ORIENT","986.56","Debit"
"9-Feb-22","3/MMP-SQ-TW/II/2022","SEA QUEENLET/ORIENT","14,804.00","Cek"
"12-Feb-22","1/MMP-PE-YCY/II/2022","YACHIYO CORPORATION","8,700.00","Debit"
"14-Feb-22","4/MMP-PE-OKY/II/2022","OKAYA AND CO., LTD","13,600.00","Debit"
"14-Feb-22","4/MMP-KN/II/2022","TOHO BUSSAN KAISHA, LTD.","876.00","Debit"
"14-Feb-22","2/MMP-PE-DNS/II/2022","TOHO BUSSAN KAISHA, LTD.","3,225.92","Debit"
"14-Feb-22","2/MMP-NP-SM/II/2022","TOHO BUSSAN KAISHA, LTD.","6,600.00","Debit"
"14-Feb-22","4/MMP-TBK-PM/II/2022","TOHO BUSSAN KAISHA, LTD.","55.35","Debit"
"14-Feb-22","1/MMP-OKY/II/2022(S)","OKAYA AND CO., LTD","2.22","Debit"
"15-Feb-22","5/MMP-JCU-PE/II/2022","TOHO BUSSAN KAISHA, LTD.","8,402.88","Debit"
"15-Feb-22","3/MMP-JCU-PD/II/2022","TOHO BUSSAN KAISHA, LTD.","1,560.00","Debit"
"17-Feb-22","5/MMP-NCR/II/2022","NICHIREI FRESH INC.","6,449.60","Debit"
"17-Feb-22","5/MMP-NCP/II/2022","NICHIREI FRESH INC.","7,545.60","Debit"
"19-Feb-22","2/PMM-EFC/II/2022","EASTERN FISH COMPANY LLC","13,101.80","Cek"
"19-Feb-22","4/PMM-NCR-USA/II/2022","AN DERINGER, USA","13,023.60","Debit"
"1-Mar-22","2/MMP-NCR/III/2022","NICHIREI FRESH INC.","37.95","Debit"
"1-Mar-22","2/MMP-JCCU/III/2022(S)","JAPANESE CONSUMERS CO-OPERATIVE","3.90","Debit"
"24-Feb-22","1/MMP-NS/II/2022","NORDIC SEAFOOD A/S","7.88","Debit"
"1-Mar-22","4/MMP-JCU-PD/III/2022","TOHO BUSSAN KAISHA, LTD.","1,560.00","Debit"
"1-Mar-22","6/MMP-JCU-PE/III/2022","TOHO BUSSAN KAISHA, LTD.","8,402.88","Debit"
"1-Mar-22","5/MMP-PE-TSJ/III/2022","TOHO BUSSAN KAISHA, LTD.","2,620.80","Debit"
"1-Mar-22","1/MMP-PE-MK/III/2022","TOHO BUSSAN KAISHA, LTD.","933.80","Debit"
"1-Mar-22","6/MMP-TSJ/III/2022","TOHO BUSSAN KAISHA, LTD.","7,667.14","Debit"
"2-Mar-22","3/MMP-PE-MRH/III/2022","MARUHA NICHIRO CORPORATION","5,292.00","Debit"
"2-Mar-22","5/MMP-PE-OKY/III/2022","OKAYA AND CO., LTD","16,048.00","Cek"
"2-Mar-22","7/MMP-PDNCR/III/2022","NICHIREI FRESH INC.","9,400.00","Debit"
"2-Mar-22","7/MMP-PDNCP/III/2022","NICHIREI FRESH INC.","5,262.00","Debit"
"2-Mar-22","6/MMP-NCP/III/2022","NICHIREI FRESH INC.","5,233.76","Debit"
"2-Mar-22","6/MMP-NCR/III/2022","NICHIREI FRESH INC.","6,696.00","Debit"
"5-Mar-22","1/MMP-JM=PE/III/2022","TOHO BUSSAN KAISHA, LTD.","7,996.80","Cek"
"5-Mar-22","7/MMP-PE-TSJ/III/2022","TOHO BUSSAN KAISHA, LTD.","3,348.86","Cek"
"5-Mar-22","8/MMP-PE-TSJ/III/2022","TOHO BUSSAN KAISHA, LTD.","7,397.40","Debit"
"7-Mar-22","1/MMP-AM/III/2022","AQUAMARINES","7.00","Debit"
"7-Mar-22","1/MMP-KBL-PE/III/2022","KIANG HUAT SEAGULL","4,746.14","Debit"
"8-Mar-22","8/MMP-PDNCR/III/2022","NICHIREI FRESH INC.","15,120.00","Cek"
"9-Mar-22","3/MMP-PE-TYR/III/2022","TOYO REIZO CO., LTD","6,117.12","Cek"
"10-Mar-22","2/MMP-OKY-SS/III/2022","OKAYA AND CO., LTD","7,104.00","Debit"
"12-Mar-22","9/MMP-PDNCR/III/2022","NICHIREI FRESH INC.","15,000.00","Debit"
"12-Mar-22","2/MMP-AM/III/2022","AQUAMARINES","7.00","Debit"
"15-Mar-22","10/MMP-PDNCR/III/2022","NICHIREI FRESH INC.","15,120.00","Cek"
"15-Mar-22","2/MMP-PE-NCR/III/2022(S)","NICHIREI FRESH INC.","8.56","Debit"
"15-Mar-22","7/MMP-JCU-PE/III/2022","TOHO BUSSAN KAISHA, LTD.","9,042.00","Debit"
"15-Mar-22","5/MMP-TBK-PM/III/2022","TOHO BUSSAN KAISHA, LTD.","104.75","Debit"
"15-Mar-22","4/MMP-SQ-TW/III/2022","SEA QUEENLET/ORIENT","10,100.40","Debit"
"15-Mar-22","4/MMP-SQ-PE/III/2022","SEA QUEENLET/ORIENT","362.22","Debit"
"16-Mar-22","5/MMP-KN/III/2022","TOHO BUSSAN KAISHA, LTD.","9,622.80","Debit"
"16-Mar-22","2/MMP-NPE/III/2022","TOHO BUSSAN KAISHA, LTD.","960.00","Debit"
"16-Mar-22","6/MMP-TBK-PM/III/2022","TOHO BUSSAN KAISHA, LTD.","40.68","Debit"
"16-Mar-22","11/MMP-PDNCR/III/2022","NICHIREI FRESH INC.","15,080.00","Cek"
"17-Mar-22","1/MMP-GDS/III/2022","GALLANT DACHAN SEAFOOD CO., LTD.","1,884.00","Debit"
"17-Mar-22","1/MMP-GDR/III/2022","GALLANT DACHAN SEAFOOD CO., LTD.","1,641.60","Debit"
"17-Mar-22","1/MMP-GDP/III/2022","GALLANT DACHAN SEAFOOD CO., LTD.","6,398.40","Debit"
"17-Mar-22","2/MMP-PE-YCY/III/2022","YACHIYO CORPORATION","8,790.00","Debit"
"19-Mar-22","7/MMP-NCR/III/2022","NICHIREI FRESH INC.","5,222.88","Debit"
"19-Mar-22","7/MMP-NCP/III/2022","NICHIREI FRESH INC.","8,872.20","Debit"
"19-Mar-22","7/MMP-NCS/III/2022","NICHIREI FRESH INC.","76.80","Debit"
"19-Mar-22","4/MMP-PE-MRH/III/2022","MARUHA NICHIRO CORPORATION","6,626.40","Debit"
"19-Mar-22","3/MMP-EFC/III/2022","EASTERN FISH COMPANY LLC","12,006.35","Cek"
"19-Mar-22","2/MMP-LWC/III/2022","LAWRENCE WHOLESALE LLC","15,254.40","Cek"
"21-Mar-22","5/MMP-JCU-PD/III/2022","TOHO BUSSAN KAISHA, LTD.","2,730.00","Debit"
"21-Mar-22","8/MMP-JCU-PE/III/2022","TOHO BUSSAN KAISHA, LTD.","7,690.20","Debit"
"21-Mar-22","12/MMP-PDNCR/III/2022","NICHIREI FRESH INC.","15,080.00","Debit"
"21-Mar-22","5/MMP-PE-MRH/III/2022","MARUHA NICHIRO CORPORATION","5,292.00","Debit"
"22-Mar-22","1/MMP-FGE-TW/III/2022","FIRST GRADE ENTERPRISES CO., LTD","2,400.00","Debit"
"22-Mar-22","1/MMP-FGE-TV/III/2022","FIRST GRADE ENTERPRISES CO., LTD","10,260.00","Cek"
"23-Mar-22","6/MMP-PE-OKY/III/2022","OKAYA AND CO., LTD","7,717.20","Debit"
"23-Mar-22","1/MMP-PE-MAR/III/2022","TOHO BUSSAN KAISHA, LTD.","3,840.00","Debit"
"23-Mar-22","3/MMP-PE-DNS/III/2022","TOHO BUSSAN KAISHA, LTD.","1,305.60","Debit"
"23-Mar-22","3/MMP-NP-SM/III/2022","TOHO BUSSAN KAISHA, LTD.","4,240.00","Debit"
"23-Mar-22","1/MMP-EC-PE/III/2022","TOHO BUSSAN KAISHA, LTD.","1,920.00","Debit"
"23-Mar-22","6/MMP-KN/III/2022","TOHO BUSSAN KAISHA, LTD.","658.80","Debit"
"23-Mar-22","7/MMP-TBK-PM/III/2022","TOHO BUSSAN KAISHA, LTD.","11.90","Debit"
"23-Mar-22","5/MMP-SQ-TW/III/2022","SEA QUEENLET/ORIENT","13,113.00","Cek"
"23-Mar-22","5/MMP-SQ-PE/III/2022","SEA QUEENLET/ORIENT","749.25","Debit"
"24-Mar-22","1/MMP-TBK/III/2022(S)","TOHO BUSSAN KAISHA, LTD.","9.68","Debit"
"24-Mar-22","2/MMP-TBK/III/2022(S)","TOHO BUSSAN KAISHA, LTD.","5.00","Debit"
"25-Mar-22","9/MMP-PE-TSJ/III/2022","TOHO BUSSAN KAISHA, LTD.","8,601.60","Debit"
"28-Mar-22","9/MMP-JCU-PE/III/2022","TOHO BUSSAN KAISHA, LTD.","7,295.28","Debit"
"28-Mar-22","6/MMP-JCU-PD/III/2022","TOHO BUSSAN KAISHA, LTD.","2,730.00","Debit"
"29-Mar-22","3/MMP-PE-YCY/III/2022","YACHIYO CORPORATION","8,790.00","Debit"
"29-Mar-22","10/MMP-PE-TSJ/III/2022","TOHO BUSSAN KAISHA, LTD.","6,177.60","Debit"
"30-Mar-22","8/MMP-NCR/III/2022","NICHIREI FRESH INC.","15,188.00","Debit"
"30-Mar-22","7/MMP-PE-OKY/III/2022","OKAYA AND CO., LTD","13,464.00","Cek"
"2-Apr-22","6/MMP-PE-MRH/IV/2022","MARUHA NICHIRO CORPORATION","6,350.40","Debit"
"4-Apr-22","2/MMP-FS-NCR/IV/2022(S)","NICHIREI FRESH INC.","42.65","Debit"
"4-Apr-22","13/MMP-PDNCR/IV/2022","NICHIREI FRESH INC.","15,000.00","Cek"
"4-Apr-22","14/MMP-PDNCR/IV/2022","NICHIREI FRESH INC.","15,070.00","Cek"
"4-Apr-22","4/MMP-SC-PE/IV/2022","TOHO BUSSAN KAISHA, LTD.","5,967.00","Debit"
"6-Apr-22","4/MMP-PE-TYR/IV/2022","TOYO REIZO CO., LTD","2,246.40","Debit"
"6-Apr-22","7/MMP-PE-MRH/IV/2022","MARUHA NICHIRO CORPORATION","5,292.00","Debit"
"9-Apr-22","15/MMP-PDNCR/IV/2022","NICHIREI FRESH INC.","13,608.00","Debit"
"9-Apr-22","7/MMP-KN/IV/2022","TOHO BUSSAN KAISHA, LTD.","1,644.00","Debit"
"9-Apr-22","2/MMP-EC-PE/IV/2022","TOHO BUSSAN KAISHA, LTD.","1,920.00","Debit"
"9-Apr-22","2/MMP-PE-MAR/IV/2022","TOHO BUSSAN KAISHA, LTD.","1,440.00","Debit"
"9-Apr-22","3/MMP-NPE/IV/2022","TOHO BUSSAN KAISHA, LTD.","7,820.00","Debit"
"11-Apr-22","1/MMP-MRHN/IV/2022(S)","MARUHA NICHIRO CORPORATION","2.67","Debit"
"11-Apr-22","6/MMP-SQ-TW/IV/2022","SEA QUEENLET/ORIENT","15,242.40","Cek"
"11-Apr-22","6/MMP-SQ-TR/IV/2022","SEA QUEENLET/ORIENT","176.00","Debit"
"11-Apr-22","7/MMP-JCU-PD/IV/2022","TOHO BUSSAN KAISHA, LTD.","2,730.00","Debit"
"11-Apr-22","10/MMP-JCU-PE/IV/2022","TOHO BUSSAN KAISHA, LTD.","7,308.00","Debit"
"11-Apr-22","8/MMP-TBK-PM/IV/2022","TOHO BUSSAN KAISHA, LTD.","143.09","Debit"
"12-Apr-22","4/MMP-NP-SM/IV/2022","TOHO BUSSAN KAISHA, LTD.","5,296.00","Debit"
"12-Apr-22","4/MMP-PE-DNS/IV/2022","TOHO BUSSAN KAISHA, LTD.","4,173.12","Debit"
"13-Apr-22","9/MMP-NCR/IV/2022","NICHIREI FRESH INC.","3,195.12","Debit"
"13-Apr-22","9/MMP-NCP/IV/2022","NICHIREI FRESH INC.","11,733.60","Cek"
"13-Apr-22","9/MMP-NCS/IV/2022","NICHIREI FRESH INC.","92.16","Debit"
"13-Apr-22","16/MMP-PDNCR/IV/2022","NICHIREI FRESH INC.","15,100.00","Cek"
"13-Apr-22","8/MMP-PE-OKY/IV/2022","OKAYA AND CO., LTD","13,600.00","Debit"
"16-Apr-22","2/MMP-PE-MK/IV/2022","TOHO BUSSAN KAISHA, LTD.","1,610.00","Debit"
"16-Apr-22","11/MMP-PE-TSJ/IV/2022","TOHO BUSSAN KAISHA, LTD.","3,840.00","Debit"
"16-Apr-22","12/MMP-PE-TSJ/IV/2022","TOHO BUSSAN KAISHA, LTD.","5,508.00","Debit"
"16-Apr-22","8/MMP-JCU-PD/IV/2022","TOHO BUSSAN KAISHA, LTD.","2,145.00","Debit"
"16-Apr-22","11/MMP-JCU-PE/IV/2022","TOHO BUSSAN KAISHA, LTD.","7,308.00","Debit"
"16-Apr-22","8/MMP-PE-MRH/IV/2022","MARUHA NICHIRO CORPORATION","6,350.40","Debit"
"18-Apr-22","17/MMP-PDNCR/IV/2022","NICHIREI FRESH INC.","15,000.00","Cek"
"18-Apr-22","4/MMP-PE-YCY/IV/2022","YACHIYO CORPORATION","8,688.00","Debit"
"19-Apr-22","3/MMP-JCCU/IV/2022(S)","JAPANESE CONSUMERS CO-OPERATIVE","3.25","Debit"
"19-Apr-22","12/MMP-JCU-PE/IV/2022","TOHO BUSSAN KAISHA, LTD.","8,556.00","Debit"
"20-Apr-22","13/MMP-PE-TSJ/IV/2022","TOHO BUSSAN KAISHA, LTD.","6,177.60","Debit"
"20-Apr-22","10/MMP-NCR/IV/2022","NICHIREI FRESH INC.","1,121.00","Debit"
"20-Apr-22","10/MMP-NCP/IV/2022","NICHIREI FRESH INC.","14,796.96","Cek"
"22-Apr-22","5/PMM-NCR-USA/IV/2022","AN DERINGER, USA","12,277.60","Debit"
"25-Apr-22","14/MMP-PE-TSJ/IV/2022","TOHO BUSSAN KAISHA, LTD.","4,608.00","Debit"
"","15/MMP-PE-TSJ/IV/2022","TOHO BUSSAN KAISHA, LTD.","5,618.16","Debit"
"25-Apr-22","13/MMP-JCU-PE/IV/2022","TOHO BUSSAN KAISHA, LTD.","8,869.44","Debit"
"25-Apr-22","9/MMP-PE-OKY/IV/2022","OKAYA AND CO., LTD","16,048.00","Cek"
"25-Apr-22","11/MMP-NCR/IV/2022","NICHIREI FRESH INC.","3,060.00","Debit"
"25-Apr-22","11/MMP-NCP/IV/2022","NICHIREI FRESH INC.","12,624.00","Cek"
"25-Apr-22","8/MMP-KN/IV/2022","TOHO BUSSAN KAISHA, LTD.","6,264.00","Debit"
"25-Apr-22","4/MMP-NPE/IV/2022","TOHO BUSSAN KAISHA, LTD.","5,848.00","Debit"
"25-Apr-22","18/MMP-PDNCR/IV/2022","NICHIREI FRESH INC.","15,100.00","Cek"
"9-May-22","19/MMP-PDNCR/V/2022","NICHIREI FRESH INC.","6,306.00","Debit"
"9-May-22","19/MMP-PDNCP/V/2022","NICHIREI FRESH INC.","8,400.00","Debit"
"9-May-22","3/MMP-FS-NCR/V/2022","NICHIREI FRESH INC.","30.00","Debit"
"9-May-22","20/MMP-PDNCR/V/2022","NICHIREI FRESH INC.","15,000.00","Cek"
"10-May-22","5/MMP-PE-YCY/V/2022","YACHIYO CORPORATION","7,480.00","Debit"
"10-May-22","1/MMP-AQM-EU/V/2022","AQUAMARINE SEAFOOD BV","14,304.00","Cek"
"11-May-22","16/MMP-PE-TSJ/V/2022","TOHO BUSSAN KAISHA, LTD.","6,177.60","Debit"
"11-May-22","9/MMP-TBK-PM/V/2022","TOHO BUSSAN KAISHA, LTD.","117.28","Debit"
"11-May-22","14/MMP-JCU-PE/V/2022","TOHO BUSSAN KAISHA, LTD.","7,188.00","Debit"
"11-May-22","9/MMP-JCU-PD/V/2022","TOHO BUSSAN KAISHA, LTD.","2,730.00","Debit"
"11-May-22","12/MMP-NCR/V/2022","NICHIREI FRESH INC.","3,131.92","Debit"
"11-May-22","12/MMP-NCP/V/2022","NICHIREI FRESH INC.","10,301.28","Cek"
"12-May-22","7/MMP-SQ-TW/V/2022","SEA QUEENLET","12,522.80","Cek"
"12-May-22","6/MMP-SQ-PE/V/2022","SEA QUEENLET","907.66","Debit"
"14-May-22","9/MMP-KN/V/2022","TOHO BUSSAN KAISHA, LTD.","2,796.00","Debit"
"14-May-22","5/MMP-PE-DNS/V/2022","TOHO BUSSAN KAISHA, LTD.","1,370.88","Debit"
"14-May-22","5/MMP-NPE/V/2022","TOHO BUSSAN KAISHA, LTD.","3,056.00","Debit"
"14-May-22","3/MMP-PE-MAR/V/2022","TOHO BUSSAN KAISHA, LTD.","1,920.00","Debit"
"14-May-22","17/MMP-PE-TSJ/V/2022","TOHO BUSSAN KAISHA, LTD.","8,601.60","Debit"
"17-May-22","4/MMP-JCCU/V/2022(S)","JAPANESE CONSUMERS CO-OPERATIVE","1.53","Debit"
"18-May-22","21/MMP-PDNCR/V/2022","NICHIREI FRESH INC.","15,100.00","Cek"
"18-May-22","9/MMP-PE-MRH/V/2022","MARUHA NICHIRO CORPORATION","5,292.00","Debit"
"18-May-22","10/MMP-KN/V/2022","TOHO BUSSAN KAISHA, LTD.","10,281.60","Cek"
"18-May-22","13/MMP-NCR/V/2022","NICHIREI FRESH INC.","3,783.56","Debit"
"18-May-22","13/MMP-NCP/V/2022","NICHIREI FRESH INC.","10,917.60","Debit"
"21-May-22","2/MMP-GDS/V/2022","GALLANT DACHAN SEAFOOD CO., LTD.","11,545.20","Debit"
"21-May-22","10/MMP-PE-OKY/V/2022","OKAYA AND CO., LTD","15,659.60","Cek"
"27-May-22","10/MMP-PE-MRH/V/2022","MARUHA NICHIRO CORPORATION","6,350.40","Debit"
"27-May-22","18/MMP-PE-TSJ/V/2022","TOHO BUSSAN KAISHA, LTD.","7,680.48","Debit"
"27-May-22","1/MMP-MZ-TW/V/2022","MIZUSIN FOODS CO., LTD","5,598.00","Debit"
"27-May-22","1/MMP-MZ-TR/V/2022","MIZUSIN FOODS CO., LTD","5,474.40","Debit"
"27-May-22","1/MMP-MZ-TP/V/2022","MIZUSIN FOODS CO., LTD","1,692.00","Debit"
"27-May-22","1/MMP-MZ-TQ/V/2022","MIZUSIN FOODS CO., LTD","4,130.40","Debit"
"28-May-22","5/MMP-NP-SM/V/2022","TOHO BUSSAN KAISHA, LTD.","10,992.00","Cek"
"28-May-22","3/MMP-EC-PE/V/2022","TOHO BUSSAN KAISHA, LTD.","2,400.00","Debit"
"28-May-22","6/MMP-PE-DNS/V/2022","TOHO BUSSAN KAISHA, LTD.","490.56","Debit"
"30-May-22","23/MMP-PDNCR/V/2022","NICHIREI FRESH INC.","15,050.00","Debit"
"30-May-22","14/MMP-NCR/V/2022","NICHIREI FRESH INC.","6,364.00","Debit"
"30-May-22","14/MMP-NCP/V/2022","NICHIREI FRESH INC.","9,684.00","Debit"
"30-May-22","3/MMP-PE-NCR/V/2022(S)","NICHIREI FRESH INC.","12.93","Debit"
"30-May-22","4/MMP-FS-NCR/V/2022(S)","NICHIREI FRESH INC.","59.40","Debit"
"30-May-22","11/MMP-PE-MRH/V/2022","MARUHA NICHIRO CORPORATION","5,292.00","Debit"
"30-May-22","10/MMP-JCU-PD/V/2022","TOHO BUSSAN KAISHA, LTD.","1,950.00","Debit"
"30-May-22","15/MMP-JCU-PE/V/2022","TOHO BUSSAN KAISHA, LTD.","7,188.00","Debit"
"31-May-22","5/MMP-PE-TYR/V/2022","TOYO REIZO CO., LTD","2,844.00","Debit"
"31-May-22","7/MMP-SQ-PE/V/2022","SEA QUEENLET CO., LTD.","3,055.20","Debit"
"31-May-22","8/MMP-SQ-TW/V/2022","SEA QUEENLET CO., LTD.","5,191.00","Debit"
"31-May-22","8/MMP-SQ-TR/V/2022","SEA QUEENLET CO., LTD.","600.00","Debit"
"2-Jun-22","24/MMP-PDNCR/VI/2022","NICHIREI FRESH INC.","15,070.00","Cek"
"2-Jun-22","11/MMP-PE-OKY/VI/2022","OKAYA AND CO., LTD","13,600.00","Cek"
"2-Jun-22","22/MMP-PDNCR/VI/2022","NICHIREI FRESH INC.","15,110.00","Cek"
"6-Jun-22","2/MMP-MRHN/VI/2022(S)","MARUHA NICHIRO CORPORATION","2.00","Debit"
"6-Jun-22","6/MMP-PE-YCY/VI/2022","YACHIYO CORPORATION","8,460.00","Debit"
"6-Jun-22","16/MMP-JCU-PE/VI/2022","TOHO BUSSAN KAISHA, LTD.","8,868.00","Debit"
"6-Jun-22","10/MMP-TBK-PM/VI/2022","TOHO BUSSAN KAISHA, LTD.","144.10","Debit"
"7-Jun-22","19/MMP-PE-TSJ/VI/2022","TOHO BUSSAN KAISHA, LTD.","8,601.60","Debit"
"7-Jun-22","15/MMP-NCR/VI/2022","NICHIREI FRESH INC.","15,822.72","Cek"
"7-Jun-22","5/MMP-FS-NCR/VI/2022(S)","NICHIREI FRESH INC.","23.46","Debit"
"8-Jun-22","12/MMP-PE-OKY/VI/2022","OKAYA AND CO., LTD","16,048.00","Cek"
"8-Jun-22","7/MMP-PE-DNS/VI/2022","TOHO BUSSAN KAISHA, LTD.","2,219.52","Debit"
"8-Jun-22","6/MMP-NP-SM/VI/2022","TOHO BUSSAN KAISHA, LTD.","2,368.00","Debit"
"8-Jun-22","11/MMP-KN/VI/2022","TOHO BUSSAN KAISHA, LTD.","4,989.60","Debit"
"8-Jun-22","11/MMP-TBK-PM/VI/2022","TOHO BUSSAN KAISHA, LTD.","11.10","Debit"
"13-Jun-22","25/MMP-PDNCR/VI/2022","NICHIREI FRESH INC.","15,120.00","Cek"
"13-Jun-22","12/MMP-PE-MRH/VI/2022","MARUHA NICHIRO CORPORATION","6,350.40","Debit"
"14-Jun-22","5/MMP-JCCU/VI/2022(S)","JAPANESE CONSUMERS CO-OPERATIVE","3.51","Debit"
"14-Jun-22","20/MMP-PE-TSJ/VI/2022","TOHO BUSSAN KAISHA, LTD.","6,177.60","Debit"
"14-Jun-22","1/MMP-FS-TBK/VI/2022","TOHO BUSSAN KAISHA, LTD.","750.00","Debit"
"15-Jun-22","8/MMP-PE-DNS/VI/2022","TOHO BUSSAN KAISHA, LTD.","2,688.00","Debit"
"15-Jun-22","12/MMP-KN/VI/2022","TOHO BUSSAN KAISHA, LTD.","2,700.00","Debit"
"15-Jun-22","4/MMP-EC-PE/VI/2022","TOHO BUSSAN KAISHA, LTD.","1,507.20","Debit"
"15-Jun-22","13/MMP-PE-MRH/VI/2022","MARUHA NICHIRO CORPORATION","5,292.00","Debit"
"15-Jun-22","16/MMP-NCR/VI/2022","NICHIREI FRESH INC.","4,900.96","Debit"
"15-Jun-22","16/MMP-NCP/VI/2022","NICHIREI FRESH INC.","10,048.32","Cek"
"20-Jun-22","26/MMP-PDNCR/VI/2022","NICHIREI FRESH INC.","13,830.00","Cek"
"20-Jun-22","21/MMP-PE-TSJ/VI/2022","TOHO BUSSAN KAISHA, LTD.","8,601.60","Debit"
"21-Jun-22","11/MMP-JCU-PD/VI/2022","TOHO BUSSAN KAISHA, LTD.","2,730.00","Debit"
"21-Jun-22","17/MMP-JCU-PE/VI/2022","TOHO BUSSAN KAISHA, LTD.","7,308.00","Debit"
"21-Jun-22","5/MMP-SC-PE/VI/2022","TOHO BUSSAN KAISHA, LTD.","7,503.12","Debit"
"21-Jun-22","3/MMP-OKY-SS/VI/2022","OKAYA AND CO., LTD","7,018.96","Debit"
"22-Jun-22","27/MMP-PDNCR/VI/2022","NICHIREI FRESH INC.","12,972.00","Cek"
"22-Jun-22","4/MMP-PE-MAR/VI/2022","TOHO BUSSAN KAISHA, LTD.","1,440.00","Debit"
"22-Jun-22","13/MMP-KN/VI/2022","TOHO BUSSAN KAISHA, LTD.","7,560.00","Debit"
"22-Jun-22","9/MMP-PE-DNS/VI/2022","TOHO BUSSAN KAISHA, LTD.","816.00","Debit"
"23-Jun-22","17/MMP-NCR/VI/2022","NICHIREI FRESH INC.","15,391.80","Cek"
"23-Jun-22","3/MMP-TBK/VI/2022(S)","TOHO BUSSAN KAISHA, LTD.","7.74","Debit"
"23-Jun-22","4/MMP-OKY-SS/VI/2022","OKAYA AND CO., LTD","7,300.31","Debit"
"28-Jun-22","6/MMP-PE-TYR/VI/2022","TOYO REIZO CO., LTD","6,117.12","Debit"
"28-Jun-22","13/MMP-PE-OKY/VI/2022","OKAYA AND CO., LTD","13,600.00","Cek"
"28-Jun-22","18/MMP-NCR/VI/2022","NICHIREI FRESH INC.","4,236.80","Debit"
"28-Jun-22","18/MMP-NCP/VI/2022","NICHIREI FRESH INC.","10,411.20","Cek"
"28-Jun-22","6/MMP-FS-NCR/VI/2022(S)","NICHIREI FRESH INC.","8.80","Debit"
"28-Jun-22","6/MMP-FS-NCP/VI/2022(S)","NICHIREI FRESH INC.","2.46","Debit"
"28-Jun-22","22/MMP-PE-TSJ/VI/2022","TOHO BUSSAN KAISHA, LTD.","5,840.64","Debit"
"29-Jun-22","28/MMP-PDNCR/VI/2022","NICHIREI FRESH INC.","12,540.00","Cek"
"29-Jun-22","2/PMM-NCR-USA/VI/2022","AN DERINGER, USA","13,255.20","Debit"
"29-Jun-22","12/MMP-JCU-PD/VI/2022","TOHO BUSSAN KAISHA, LTD.","2,145.00","Debit"
"29-Jun-22","18/MMP-JCU-PE/VI/2022","TOHO BUSSAN KAISHA, LTD.","7,753.20","Debit"
"29-Jun-22","01/MMP-PM-SQ/VI/2022","SEA QUEENLET CO., LTD.","8.30","Debit"
"29-Jun-22","9/MMP-SQ-TW/VI/2022","SEA QUEENLET CO., LTD.","11,291.66","Cek"
"29-Jun-22","9/MMP-SQ-TP/VI/2022","SEA QUEENLET CO., LTD.","1,586.00","Debit"
"29-Jun-22","8/MMP-SQ-PE/VI/2022","SEA QUEENLET CO., LTD.","1,699.20","Debit"
"4-Jul-22","6/MMP-SC-PE/VII/2022","TOHO BUSSAN KAISHA, LTD.","7,503.12","Debit"
"4-Jul-22","7/MMP-SC-PE/VII/2022","TOHO BUSSAN KAISHA, LTD.","7,503.12","Debit"
"5-Jul-22","14/MMP-PE-OKY/VII/2022","OKAYA AND CO., LTD","10,258.40","Cek"
"6-Jul-22","19/MMP-JCU-PE/VII/2022","TOHO BUSSAN KAISHA, LTD.","8,844.00","Debit"
"6-Jul-22","12/MMP-TBK-PM/VII/2022","TOHO BUSSAN KAISHA, LTD.","51.45","Debit"
"6-Jul-22","5/MMP-PE-MAR/VII/2022","TOHO BUSSAN KAISHA, LTD.","2,400.00","Debit"
"6-Jul-22","5/MMP-EC-PE/VII/2022","TOHO BUSSAN KAISHA, LTD.","3,360.00","Debit"
"6-Jul-22","14/MMP-KN/VII/2022","TOHO BUSSAN KAISHA, LTD.","2,052.00","Debit"
"6-Jul-22","15/MMP-KN/VII/2022","TOHO BUSSAN KAISHA, LTD.","1,800.00","Debit"
"7-Jul-22","29/MMP-PDNCR/VII/2022","NICHIREI FRESH INC.","15,050.00","Cek"
"7-Jul-22","19/MMP-NCR/VII/2022","NICHIREI FRESH INC.","3,748.96","Debit"
"7-Jul-22","19/MMP-NCP/VII/2022","NICHIREI FRESH INC.","12,773.28","Debit"
"7-Jul-22","7/MMP-FS-NCR/VII/2022(S)","NICHIREI FRESH INC.","8.67","Debit"
"12-Jul-22","14/MMP-PE-MRH/VII/2022","MARUHA NICHIRO CORPORATION","5,292.00","Debit"
"12-Jul-22","7/MMP-PE-TYR/VII/2022","TOYO REIZO CO., LTD","6,117.12","Debit"
"13-Jul-22","23/MMP-PE-TSJ/VII/2022","TOHO BUSSAN KAISHA, LTD.","5,376.00","Debit"
"13-Jul-22","3/MMP-PE-MK/VII/2022","TOHO BUSSAN KAISHA, LTD.","4,830.00","Debit"
"13-Jul-22","10/MMP-PE-DNS/VII/2022","TOHO BUSSAN KAISHA, LTD.","2,952.00","Debit"
"13-Jul-22","16/MMP-KN/VII/2022","TOHO BUSSAN KAISHA, LTD.","3,480.00","Debit"
"13-Jul-22","17/MMP-KN/VII/2022","TOHO BUSSAN KAISHA, LTD.","1,080.00","Debit"
"14-Jul-22","6/MMP-JCCU/VII/2022(S)","JAPANESE CONSUMERS CO-OPERATIVE","2.34","Debit"
"14-Jul-22","9/MMP-SQ-PE/VII/2022","SEA QUEENLET CO., LTD.","2,774.00","Debit"
"14-Jul-22","10/MMP-SQ-TW/VII/2022","SEA QUEENLET CO., LTD.","12,444.40","Cek"
"18-Jul-22","15/MMP-PE-MRH/VII/2022","MARUHA NICHIRO CORPORATION","6,350.40","Debit"
"19-Jul-22","20/MMP-NCR/VII/2022","NICHIREI FRESH INC.","2,968.88","Debit"
"19-Jul-22","20/MMP-NCP/VII/2022","NICHIREI FRESH INC.","15,702.60","Cek"
"23-Jul-22","20/MMP-JCU-PE/VII/2022","TOHO BUSSAN KAISHA, LTD.","8,766.00","Debit"
"25-Jul-22","6/MMP-NPE/VII/2022","TOHO BUSSAN KAISHA, LTD.","13,340.00","Cek"
"25-Jul-22","6/MMP-EC-PE/VII/2022","TOHO BUSSAN KAISHA, LTD.","1,920.00","Debit"
"25-Jul-22","24/MMP-PE-TSJ/VII/2022","TOHO BUSSAN KAISHA, LTD.","8,601.60","Debit"
"25-Jul-22","30/MMP-PDNCR/VII/2022","NICHIREI FRESH INC.","15,100.00","Cek"
"25-Jul-22","15/MMP-PE-OKY/VII/2022","OKAYA AND CO., LTD","16,048.00","Cek"
"26-Jul-22","6/PMM-NCR-USA/VII/2022","AN DERINGER, USA","12,514.40","Debit"
"27-Jul-22","2/MMP-JM-PE/VII/2022","TOHO BUSSAN KAISHA, LTD.","7,980.00","Debit"
"27-Jul-22","5/MMP-OKY-SS/VII/2022","OKAYA AND CO., LTD","7,250.34","Debit"
"27-Jul-22","21/MMP-JCU-PE/VII/2022","TOHO BUSSAN KAISHA, LTD.","8,844.00","Debit"
"27-Jul-22","1/MMP-FS-TYR/VII/2022","TOYO REIZO CO., LTD","15,876.00","Cek"
"2-Aug-22","8/MMP-SC-PE/VIII/2022","TOHO BUSSAN KAISHA, LTD.","7,503.12","Debit"
"2-Aug-22","7/MMP-PE-YCY/VIII/2022","YACHIYO CORPORATION","8,600.00","Debit"
"3-Aug-22","6/MMP-PE-MAR/VIII/2022","TOHO BUSSAN KAISHA, LTD.","1,440.00","Debit"
"3-Aug-22","18/MMP-KN/VIII/2022","TOHO BUSSAN KAISHA, LTD.","8,985.60","Debit"
"6-Aug-22","6/MMP-OKY-SS/VIII/2022","OKAYA AND CO., LTD","7,264.95","Debit"
"6-Aug-22","21/MMP-NCR/VIII/2022","NICHIREI FRESH INC.","2,472.00","Debit"
"6-Aug-22","21/MMP-NCP/VIII/2022","NICHIREI FRESH INC.","13,861.20","Cek"
"6-Aug-22","8/MMP-FS-NCR/VIII/2022(S)","NICHIREI FRESH INC.","3.00","Debit"
"8-Aug-22","8/MMP-PE-TYR/VIII/2022","TOYO REIZO CO., LTD","6,117.12","Debit"
"8-Aug-22","11/MMP-SQ-TW/VIII/2022","SEA QUEENLET CO., LTD.","10,587.00","Cek"
"8-Aug-22","11/MMP-SQ-TP/VIII/2022","SEA QUEENLET CO., LTD.","272.00","Debit"
"8-Aug-22","10/MMP-SQ-PE/VIII/2022","SEA QUEENLET CO., LTD.","1,628.40","Debit"
"9-Aug-22","16/MMP-PE-MRH/VIII/2022","MARUHA NICHIRO CORPORATION","5,292.00","Debit"
"9-Aug-22","31/MMP-PDNCR/VIII/2022","NICHIREI FRESH INC.","15,100.00","Cek"
"10-Aug-22","25/MMP-PE-TSJ/VIII/2022","TOHO BUSSAN KAISHA, LTD.","9,950.40","Debit"
"10-Aug-22","3/MMP-PE-TBK/VIII/2022","TOHO BUSSAN KAISHA, LTD.","3.05","Debit"
"10-Aug-22","7/MMP-NP-SM/VIII/2022","TOHO BUSSAN KAISHA, LTD.","10,740.00","Debit"
"10-Aug-22","11/MMP-PE-DNS/VIII/2022","TOHO BUSSAN KAISHA, LTD.","2,176.00","Debit"
"10-Aug-22","22/MMP-JCU-PE/VIII/2022","TOHO BUSSAN KAISHA, LTD.","7,176.00","Debit"
"10-Aug-22","13/MMP-JCU-PD/VIII/2022","TOHO BUSSAN KAISHA, LTD.","2,925.00","Debit"
"10-Aug-22","13/MMP-TBK-PM/VIII/2022","TOHO BUSSAN KAISHA, LTD.","43.25","Debit"
"12-Aug-22","32/MMP-PDNCR/VIII/2022","NICHIREI FRESH INC.","14,730.00","Cek"
"12-Aug-22","3/MMP-GDS/VIII/2022","GALLANT DACHAN SEAFOOD CO., LTD.","11,890.80","Cek"
"12-Aug-22","3/MMP-GDP/VIII/2022","GALLANT DACHAN SEAFOOD CO., LTD.","2,376.00","Debit"
"12-Aug-22","3/MMP-GDR/VIII/2022","GALLANT DACHAN SEAFOOD CO., LTD.","615.60","Debit"
"12-Aug-22","3/MMP-GDV/VIII/2022","GALLANT DACHAN SEAFOOD CO., LTD.","993.60","Debit"
"15-Aug-22","17/MMP-PE-MRH/VIII/2022","MARUHA NICHIRO CORPORATION","6,350.40","Debit"
"15-Aug-22","26/MMP-PE-TSJ/VIII/2022","TOHO BUSSAN KAISHA, LTD.","7,107.84","Debit"
"16-Aug-22","23/MMP-JCU-PE/VIII/2022","TOHO BUSSAN KAISHA, LTD.","8,766.00","Debit"
"16-Aug-22","22/MMP-NCR/VIII/2022","NICHIREI FRESH INC.","4,995.37","Debit"
"16-Aug-22","22/MMP-NCP/VIII/2022","NICHIREI FRESH INC.","10,562.40","Cek"
"16-Aug-22","7/MMP-EC-PE/VIII/2022","TOHO BUSSAN KAISHA, LTD.","4,147.20","Debit"
"16-Aug-22","7/MMP-NPE/VIII/2022","TOHO BUSSAN KAISHA, LTD.","1,200.00","Debit"
"16-Aug-22","20/MMP-KN/VIII/2022","TOHO BUSSAN KAISHA, LTD.","1,296.00","Debit"
"16-Aug-22","14/MMP-TBK-PM/VIII/2022","TOHO BUSSAN KAISHA, LTD.","35.14","Debit"
"16-Aug-22","19/MMP-KN/VIII/2022","TOHO BUSSAN KAISHA, LTD.","3,120.00","Debit"
"16-Aug-22","27/MMP-PE-TSJ/VIII/2022","TOHO BUSSAN KAISHA, LTD.","8,409.60","Debit"
"20-Aug-02","33/MMP-PDNCR/VIII/2022","NICHIREI FRESH INC.","10,994.00","Cek"
"20-Aug-02","33/MMP-PDNCP/VIII/2022","NICHIREI FRESH INC.","1,200.00","Debit"
"23-Aug-22","23/MMP-NCR/VIII/2022","NICHIREI FRESH INC.","2,274.00","Debit"
"23-Aug-22","23/MMP-NCP/VIII/2022","NICHIREI FRESH INC.","14,166.00","Cek"
"23-Aug-22","9/MMP-PE-TYR/VIII/2022","TOYO REIZO CO., LTD","6,117.12","Debit"
"24-Aug-22","3/PMM-LWC/VIII/2022","LAWRENCE WHOLESALE LLC","15,254.40","Debit"
"24-Aug-22","7/MMP-JCCU/VII/2022(S)","JAPANESE CONSUMERS CO-OPERATIVE","1.95","Debit"
"24-Aug-22","8/MMP-EC-PE/VIII/2022","TOHO BUSSAN KAISHA, LTD.","1,132.80","Debit"
"24-Aug-22","8/MMP-NP-SM/VIII/2022","TOHO BUSSAN KAISHA, LTD.","13,613.20","Debit"
"25-Aug-22","12/MMP-SQ-TW/VIII/2022","SEA QUEENLET CO., LTD.","15,640.80","Cek"
"25-Aug-22","12/MMP-SQ-TR/VIII/2022","SEA QUEENLET CO., LTD.","448.00","Debit"
"25-Aug-22","1/MMP-SQ-TW/VIII/2022(S)","SEA QUEENLET CO., LTD.","2.70","Debit"
"29-Aug-22","14/MMP-JCU PD/VIII/2022","TOHO BUSSAN KAISHA, LTD.","2,925.00","Debit"
"29-Aug-22","24/MMP-JCU PE/VIII/2022","TOHO BUSSAN KAISHA, LTD.","7,221.60","Debit"
"29-Aug-22","2/MMP-AQM-EU/VIII/2022","AQUAMARINE SEAFOOD BV","12,422.40","Cek"
"30-Aug-22","16/MMP-PE-OKY/VIII/2022","OKAYA AND CO., LTD","13,600.00","Cek"
"5-Sep-22","9/MMP-SC-PE/IX/2022","TOHO BUSSAN KAISHA, LTD.","7,503.12","Debit"
"5-Sep-22","8/MMP-PE-YCY/IX/2022","YACHIYO CORPORATION","8,056.00","Debit"
"5-Sep-22","18/MMP-PE-MRH/IX/2022","MARUHA NICHIRO CORPORATION","6,120.00","Debit"
"6-Sep-22","19/MMP-PE-MRH/IX/2022","MARUHA NICHIRO CORPORATION","5,292.00","Debit"
"6-Sep-22","24/MMP-NCR/IX/2022","NICHIREI FRESH INC.","4,424.20","Debit"
"6-Sep-22","24/MMP-NCP/IX/2022","NICHIREI FRESH INC.","12,204.48","Cek"
"7-Sep-22","1/MMP-NCR-SS/IX/2022","NICHIREI FRESH INC.","10,640.39","Cek"
"10-Sep-22","17/MMP-PE-OKY/IX/2022","OKAYA AND CO., LTD","5,981.22","Debit"
"13-Sep-22","9/MMP-NP-SM/IX/2022","TOHO BUSSAN KAISHA, LTD.","12,780.00","Cek"
"13-Sep-22","9/MMP-EC-PE/IX/2022","TOHO BUSSAN KAISHA, LTD.","2,016.00","Debit"
"13-Sep-22","15/MMP-JCU-PD/IX/2022","TOHO BUSSAN KAISHA, LTD.","1,560.00","Debit"
"13-Sep-22","25/MMP-JCU-PE/IX/2022","TOHO BUSSAN KAISHA, LTD.","8,205.00","Debit"
"13-Sep-22","15/MMP-TBK-PM/IX/2022","TOHO BUSSAN KAISHA, LTD.","43.25","Debit"
"14-Sep-22","21/MMP-KN/IX/2022","TOHO BUSSAN KAISHA, LTD.","10,281.60","Cek"
"14-Sep-22","18/MMP-PE-OKY/IX/2022","OKAYA AND CO., LTD","16,048.00","Cek"
"15-Sep-22","11/MMP-SQ-PE/IX/2022","SEA QUEENLET CO., LTD.","1,938.00","Debit"
"15-Sep-22","13/MMP-SQ-TW/IX/2022","SEA QUEENLET CO., LTD.","12,113.65","Cek"
"15-Sep-22","28/MMP-PE-TSJ/IX/2022","TOHO BUSSAN KAISHA, LTD.","3,144.96","Debit"
"15-Sep-22","29/MMP-PE-TSJ/IX/2022","TOHO BUSSAN KAISHA, LTD.","7,116.34","Debit"
"20-Sep-22","10/MMP-PE-TYR/IX/2022","TOYO REIZO CO., LTD","6,117.12","Debit"
"21-Sep-22","1/PMM-COSFF/IX/2022","CHICKEN OF THE SEA","16,344.00","Debit"
"21-Sep-22","30/MMP-PE-TSJ/IX/2022","TOHO BUSSAN KAISHA, LTD.","8,601.60","Debit"
"21-Sep-22","16/MMP-JCU-PD/IX/2022","TOHO BUSSAN KAISHA, LTD.","2,340.00","Debit"
"21-Sep-22","26/MMP-JCU-PE/IX/2022","TOHO BUSSAN KAISHA, LTD.","7,544.10","Debit"
"22-Sep-22","25/MMP-NCR/IX/2022","NICHIREI FRESH INC.","4,703.56","Debit"
"22-Sep-22","25/MMP-NCP/IX/2022","NICHIREI FRESH INC.","10,485.12","Cek"
"22-Sep-22","9/MMP-FS-NCR/IX/2022(S)","NICHIREI FRESH INC.","46.80","Debit"
"22-Sep-22","22/MMP-KN/IX/2022","TOHO BUSSAN KAISHA, LTD.","1,878.00","Debit"
"22-Sep-22","10/MMP-NP-SM/IX/2022","TOHO BUSSAN KAISHA, LTD.","9,392.00","Debit"
"26-Sep-22","34/MMP-PDNCR/IX/2022","NICHIREI FRESH INC.","11,692.00","Cek"
"26-Sep-22","34/MMP-PDNCP/IX/2022","NICHIREI FRESH INC.","2,196.00","Debit"
"26-Sep-22","31/MMP-PE-TSJ/IX/2022","TOHO BUSSAN KAISHA, LTD.","8,601.60","Debit"
"27-Sep-22","19/MMP-PE-OKY/IX/2022","OKAYA AND CO., LTD","11,233.60","Cek"
"27-Sep-22","20/MMP-PE-MRH/IX/2022","MARUHA NICHIRO CORPORATION","6,350.40","Debit"
"27-Sep-22","21/MMP-PE-MRH/IX/2022","MARUHA NICHIRO CORPORATION","5,292.00","Debit"
"28-Sep-22","17/MMP-JCU-PD/IX/2022","TOHO BUSSAN KAISHA, LTD.","2,340.00","Debit"
"28-Sep-22","27/MMP-JCU-PE/IX/2022","TOHO BUSSAN KAISHA, LTD.","6,457.50","Debit"
"28-Sep-22","23/MMP-KN/IX/2022","TOHO BUSSAN KAISHA, LTD.","9,849.60","Debit"
"29-Sep-22","12/MMP-SQ-PE/IX/2022","SEA QUEENLET CO., LTD.","1,492.80","Debit"
"29-Sep-22","14/MMP-SQ-TW/IX/2022","SEA QUEENLET CO., LTD.","14,223.20","Cek"
"1-Oct-22","3/MMP-NCR/X/2022(S)","NICHIREI FRESH INC.","1.95","Debit"
"1-Oct-22","3/MMP-NCP/X/2022(S)","NICHIREI FRESH INC.","2.40","Debit"
"4-Oct-22","10/MMP-SC-PE/X/2022","TOHO BUSSAN KAISHA, LTD.","6,648.36","Debit"
"4-Oct-22","9/MMP-PE-YCY/X/2022","YACHIYO CORPORATION","7,886.00","Debit"
"5-Oct-22","11/MMP-PE-TYR/X/2022","TOYO REIZO CO., LTD","6,117.12","Debit"
"5-Oct-22","4/MMP-GDS/X/2022","GALLANT DACHAN SEAFOOD CO., LTD.","15,714.00","Cek"
"10-Oct-22","35/MMP-PDNCR/X/2022","NICHIREI FRESH INC.","7,188.80","Debit"
"11-Oct-22","26/MMP-NCR/X/2022","NICHIREI FRESH INC.","16,980.00","Cek"
"11-Oct-22","22/MMP-PE-MRH/X/2022","MARUHA NICHIRO CORPORATION","5,292.00","Debit"
"15-Oct-22","11/MMP-NP-SM/X/2022","TOHO BUSSAN KAISHA, LTD.","14,269.60","Cek"
"15-Oct-22","32/MMP-PE-TSJ/X/2022","TOHO BUSSAN KAISHA, LTD.","3,088.80","Debit"
"15-Oct-22","33/MMP-PE-TSJ/X/2022","TOHO BUSSAN KAISHA, LTD.","7,204.46","Debit"
"15-Oct-22","20/MMP-PE-OKY/X/2022","OKAYA AND CO., LTD","16,048.00","Cek"
"17-Oct-22","15/MMP-SQ-TW/X/2022","SEA QUEENLET CO., LTD.","16,988.00","Cek"
"17-Oct-22","15/MMP-SQ-TR/X/2022","SEA QUEENLET CO., LTD.","88.00","Debit"
"17-Oct-22","13/MMP-SQ PE/X/2022","SEA QUEENLET CO., LTD.","900.00","Debit"
"17-Oct-22","23/MMP-PE-MRH/X/2022","MARUHA NICHIRO CORPORATION","6,350.40","Debit"
"17-Oct-22","2/MMP-NCR-SS/X/2022","NICHIREI FRESH INC.","7,089.79","Debit"
"18-Oct-22","12/MMP-PE-TYR/X/2022","TOYO REIZO CO., LTD","6,117.12","Debit"
"18-Oct-22","2/MMP-FS-TBK/X/2022(S)","TOHO BUSSAN KAISHA, LTD.","7.20","Debit"
"18-Oct-22","34/MMP-PE-TSJ/X/2022","TOHO BUSSAN KAISHA, LTD.","8,601.60","Debit"
"19-Oct-22","18/MMP-JCU-PD/X/2022","TOHO BUSSAN KAISHA, LTD.","1,950.00","Debit"
"19-Oct-22","28/MMP-JCU-PE/X/2022","TOHO BUSSAN KAISHA, LTD.","7,855.44","Debit"
"19-Oct-22","16/MMP-TBK-PM/X/2022","TOHO BUSSAN KAISHA, LTD.","178.78","Debit"
"24-Oct-22","3/MMP-NCR-SS/X/2022","NICHIREI FRESH INC.","7,527.97","Debit"
"24-Oct-22","19/MMP-JCU-PD/X/2022","TOHO BUSSAN KAISHA, LTD.","1,677.00","Debit"
"24-Oct-22","29/MMP-JCU-PE/X/2022","TOHO BUSSAN KAISHA, LTD.","8,114.40","Debit"
"25-Oct-22","2/MMP-FS-TBK/X/2022(S)","TOHO BUSSAN KAISHA, LTD.","220.00","Debit"
"25-Oct-22","35/MMP-PE-TSJ/X/2022","TOHO BUSSAN KAISHA, LTD.","4,062.72","Debit"
"25-Oct-22","36/MMP-PE-TSJ/X/2022","TOHO BUSSAN KAISHA, LTD.","6,459.26","Debit"
"25-Oct-22","2/PMM-COSFF/X/2022","CHICKEN OF THE SEA","16,353.08","Cek"
"26-Oct-22","13/MMP-PE-TYR/X/2022","TOYO REIZO CO., LTD","6,117.12","Debit"
"26-Oct-22","10/MMP-FS-NCR/X/2022(S)","NICHIREI FRESH INC.","10.00","Debit"
"26-Oct-22","27/MMP-NCR/X/2022","NICHIREI FRESH INC.","1,080.00","Debit"
"26-Oct-22","27/MMP-NCP/X/2022","NICHIREI FRESH INC.","15,732.00","Cek"
"29-Oct-22","21/MMP-PE-OKY/X/2022","OKAYA AND CO., LTD","13,600.00","Cek"
"29-Oct-22","36/MMP-PDNCR/X/2022","NICHIREI FRESH INC.","14,780.00","Cek"
"2-Nov-22","1/MMP-MITSUI/XI/2022(S)","MITSUI & CO. SEAFOODS LTD","12.99","Debit"
"2-Nov-22","10/MMP-PE-YCY/XI/2022","YACHIYO CORPORATION","8,046.00","Debit"
"2-Nov-22","16/MMP-SQ-TW/XI/2022","SEA QUEENLET CO., LTD.","16,224.00","Cek"
"2-Nov-22","14/MMP-SQ-PE/XI/2022","SEA QUEENLET CO., LTD.","1,080.00","Debit"
"3-Nov-22","1/MMP-DCIE/XI/2022(S)","DCI&E FOOD LTD","3.64","Debit"
"3-Nov-22","24/MMP-KN/XI/2022","TOHO BUSSAN KAISHA, LTD.","6,600.00","Debit"
"7-Nov-22","24/MMP-PE-MRH/XI/2022","MARUHA NICHIRO CORPORATION","5,292.00","Debit"
"7-Nov-22","25/MMP-PE-MRH/XI/2022","MARUHA NICHIRO CORPORATION","2,592.00","Debit"
"7-Nov-22","4/MMP-NCR-SS/XI/2022","NICHIREI FRESH INC.","8,659.72","Debit"
"8-Nov-22","20/MMP-JCU-PD/XI/2022","TOHO BUSSAN KAISHA, LTD.","1,950.00","Debit"
"8-Nov-22","30/MMP-JCU-PE/XI/2022","TOHO BUSSAN KAISHA, LTD.","6,405.60","Debit"
"8-Nov-22","37/MMP-PE-TSJ/XI/2022","TOHO BUSSAN KAISHA, LTD.","7,473.12","Debit"
"8-Nov-22","17/MMP-TBK-PM/XI/2022","TOHO BUSSAN KAISHA, LTD.","101.00","Debit"
"8-Nov-22","14/MMP-PE-TYR/XI/2022","TOYO REIZO CO., LTD","6,969.60","Debit"
"9-Nov-22","22/MMP-PE-OKY/XI/2022","OKAYA AND CO., LTD","15,276.27","Cek"
"14-Nov-22","11/MMP-PE-YCY/XI/2022","YACHIYO CORPORATION","8,092.00","Debit"
"14-Nov-22","5/MMP-NCR-SS/XI/2022","NICHIREI FRESH INC.","8,680.60","Debit"
"14-Nov-22","28/MMP-NCR/XI/2022","NICHIREI FRESH INC.","3,802.52","Debit"
"14-Nov-22","28/MMP-NCP/XI/2022","NICHIREI FRESH INC.","12,108.60","Cek"
"14-Nov-22","5/MMP-GDS/XI/2022","GALLANT DACHAN SEAFOOD CO., LTD.","766.80","Debit"
"14-Nov-22","5/MMP-GDR/XI/2022","GALLANT DACHAN SEAFOOD CO., LTD.","2,700.00","Debit"
"14-Nov-22","5/MMP-GDP/XI/2022","GALLANT DACHAN SEAFOOD CO., LTD.","6,919.20","Debit"
"14-Nov-22","5/MMP-GDV/XI/2022","GALLANT DACHAN SEAFOOD CO., LTD.","5,860.80","Debit"
"15-Nov-22","37/MMP-PDNCR/XI/2022","NICHIREI FRESH INC.","6,900.00","Debit"
"15-Nov-22","38/MMP-PE-TSJ/XI/2022","TOHO BUSSAN KAISHA, LTD.","8,601.60","Debit"
"16-Nov-22","21/MMP-JCU-PD/XI/2022","TOHO BUSSAN KAISHA, LTD.","2,184.00","Debit"
"16-Nov-22","31/MMP-JCU-PE/XI/2022","TOHO BUSSAN KAISHA, LTD.","7,575.36","Debit"
"16-Nov-22","38/MMP-PDNCR/XI/2022","NICHIREI FRESH INC.","14,930.00","Cek"
"21-Nov-22","10/MMP-EC-PE/XI/2022","TOHO BUSSAN KAISHA, LTD.","4,128.00","Debit"
"21-Nov-22","7/MMP-PE-MAR/XI/2022","TOHO BUSSAN KAISHA, LTD.","9,224.00","Debit"
"21-Nov-22","23/MMP-PE-OKY/XI/2022","OKAYA AND CO., LTD","13,600.00","Cek"
"22-Nov-22","26/MMP-PE-MRH/XI/2022","MARUHA NICHIRO CORPORATION","5,292.00","Debit"
"22-Nov-22","17/MMP-SQ-TW/XI/2022","SEA QUEENLET CO., LTD.","13,716.40","Debit"
"22-Nov-22","15/MMP-SQ-PE/XI/2022","SEA QUEENLET CO., LTD.","1,803.80","Debit"
"23-Nov-22","15/MMP-PE-TYR/XI/2022","TOYO REIZO CO., LTD","6,117.12","Debit"
"24-Nov-22","4/MMP-NCR/XI/2022(S)","NICHIREI FRESH INC.","3.20","Debit"
"26-Nov-22","16/MMP-PE-TYR/XI/2022","TOYO REIZO CO., LTD","6,117.12","Debit"
"28-Nov-22","22/MMP-JCU-PD/XI/2022","TOHO BUSSAN KAISHA, LTD.","2,535.00","Debit"
"28-Nov-22","32/MMP-JCU-PE/XI/2022","TOHO BUSSAN KAISHA, LTD.","6,312.72","Debit"
"28-Nov-22","39/MMP-PE-TSJ/XI/2022","TOHO BUSSAN KAISHA, LTD.","6,381.12","Debit"
"28-Nov-22","3/MMP-FS-TBK/XI/2022(S)","TOHO BUSSAN KAISHA, LTD.","4.50","Debit"
"28-Nov-22","4/MMP-PE-TBK/XI/2022(S)","TOHO BUSSAN KAISHA, LTD.","9.00","Debit"
"28-Nov-22","40/MMP-PE-TSJ/XI/2022","TOHO BUSSAN KAISHA, LTD.","3,110.40","Debit"
"29-Nov-22","29/MMP-NCR/XI/2022","NICHIREI FRESH INC.","1,811.04","Debit"
"29-Nov-22","29/MMP-NCP/XI/2022","NICHIREI FRESH INC.","5,531.64","Debit"
